filename,label
1.jpg,lv1
2.jpg,lv1
3.jpg,lv1
4.jpg,lv1
5.jpg,lv1
6.jpg,lv1
7.jpg,lv1
8.jpg,lv1
9.jpg,lv1
10.jpg,lv1
11.jpg,lv1
12.jpg,lv1
13.jpg,lv1
14.jpg,lv1
15.jpg,lv1
16.jpg,lv1
17.jpg,lv1
18.jpg,lv1
19.jpg,lv1
20.jpg,lv1
21.jpg,lv1
22.jpg,lv1
23.jpg,lv1
24.jpg,lv1
25.jpg,lv1
26.jpg,lv1
27.jpg,lv1
28.jpg,lv1
29.jpg,lv1
30.jpg,lv1
31.jpg,lv1
32.jpg,lv1
33.jpg,lv1
34.jpg,lv1
35.jpg,lv1
36.jpg,lv1
37.jpg,lv1
38.jpg,lv1
39.jpg,lv1
40.jpg,lv1
41.jpg,lv1
42.jpg,lv1
43.jpg,lv1
44.jpg,lv1
45.jpg,lv1
46.jpg,lv1
47.jpg,lv1
48.jpg,lv1
49.jpg,lv1
50.jpg,lv1
51.jpg,lv1
52.jpg,lv1
53.jpg,lv1
54.jpg,lv1
55.jpg,lv1
56.jpg,lv1
57.jpg,lv1
58.jpg,lv1
59.jpg,lv1
60.jpg,lv1
61.jpg,lv1
62.jpg,lv1
63.jpg,lv1
64.jpg,lv1
65.jpg,lv1
66.jpg,lv1
67.jpg,lv1
68.jpg,lv1
69.jpg,lv1
70.png,lv1
71.jpg,lv1
72.jpg,lv1
73.jpg,lv1
74.jpg,lv1
75.jpg,lv1
76.jpg,lv1
77.jpg,lv1
78.jpg,lv1
79.jpg,lv1
80.jpg,lv1
81.jpg,lv1
82.jpg,lv1
83.jpg,lv1
84.jpg,lv1
85.jpg,lv1
86.jpg,lv1
87.jpg,lv1
88.jpg,lv1
89.jpg,lv1
90.jpg,lv1
91.jpg,lv1
92.jpg,lv1
93.jpg,lv1
94.jpg,lv1
95.jpg,lv1
96.jpg,lv1
97.jpg,lv1
98.jpg,lv1
99.jpg,lv1
100.jpg,lv1
101.jpg,lv1
102.jpg,lv1
103.jpg,lv1
104.jpg,lv1
105.jpg,lv1
106.jpg,lv1
107.jpg,lv1
108.jpg,lv1
109.jpg,lv1
110.jpg,lv1
111.jpg,lv1
112.jpg,lv1
113.jpg,lv1
114.jpg,lv1
115.jpg,lv1
116.jpg,lv1
117.jpg,lv1
118.jpg,lv1
119.jpg,lv1
120.jpg,lv1
121.png,lv1
122.jpg,lv1
123.jpg,lv1
124.jpg,lv1
125.jpg,lv1
126.jpg,lv1
127.jpg,lv1
128.jpg,lv1
129.jpg,lv1
130.jpg,lv1
131.jpg,lv1
132.jpg,lv1
133.jpg,lv1
134.jpg,lv1
135.jpg,lv1
136.jpg,lv1
137.jpg,lv1
138.jpg,lv1
139.jpg,lv1
140.jpg,lv1
141.jpg,lv1
142.jpg,lv1
143.jpg,lv1
144.jpg,lv1
145.jpg,lv1
146.jpg,lv1
147.jpg,lv1
148.jpg,lv1
149.jpg,lv1
150.jpg,lv1
151.jpg,lv1
152.jpg,lv1
153.jpg,lv1
154.jpg,lv1
155.jpg,lv1
156.jpg,lv1
157.jpg,lv1
158.jpg,lv1
159.jpg,lv1
160.jpg,lv1
161.jpg,lv1
162.jpg,lv1
163.jpg,lv1
164.jpg,lv1
165.jpg,lv1
166.jpg,lv1
167.jpg,lv1
168.jpg,lv1
169.jpg,lv1
170.jpg,lv1
171.jpg,lv1
172.jpg,lv1
173.jpg,lv1
174.jpg,lv1
175.jpg,lv1
176.jpg,lv1
177.jpg,lv1
178.jpg,lv1
179.jpg,lv1
180.jpg,lv1
181.jpg,lv1
182.jpg,lv1
183.jpg,lv1
184.jpg,lv1
185.jpg,lv1
186.jpg,lv1
187.jpg,lv1
188.jpg,lv1
189.jpg,lv1
190.jpg,lv1
191.jpg,lv1
192.jpg,lv1
193.jpg,lv1
194.jpg,lv1
195.jpg,lv1
196.jpg,lv1
197.jpg,lv1
198.jpg,lv1
199.jpg,lv1
200.jpg,lv1
201.jpg,lv1
202.jpg,lv1
203.jpg,lv1
204.jpg,lv1
205.jpg,lv1
206.jpg,lv1
207.jpg,lv1
208.jpg,lv1
209.jpg,lv1
210.jpg,lv1
211.jpg,lv1
212.jpg,lv1
213.jpg,lv1
214.jpg,lv1
215.jpg,lv1
216.jpg,lv1
217.jpg,lv1
218.jpg,lv1
219.jpg,lv1
220.jpg,lv1
221.jpg,lv1
222.jpg,lv1
223.jpg,lv1
224.jpg,lv1
225.jpg,lv1
226.jpg,lv1
227.jpg,lv1
228.jpg,lv1
229.jpg,lv1
230.jpg,lv1
231.jpg,lv1
232.jpg,lv1
233.jpg,lv1
234.jpg,lv1
235.jpg,lv1
236.jpg,lv1
237.jpg,lv1
238.jpg,lv1
239.jpg,lv1
240.jpg,lv1
241.jpg,lv1
242.jpg,lv1
243.jpg,lv1
244.jpg,lv1
245.jpg,lv1
246.jpg,lv1
247.jpg,lv1
248.jpg,lv1
249.jpg,lv1
250.jpg,lv1
251.jpg,lv1
252.jpg,lv1
253.jpg,lv1
254.jpg,lv1
255.jpg,lv1
256.jpg,lv1
257.jpg,lv1
258.jpg,lv1
259.jpg,lv1
260.jpg,lv1
261.jpg,lv1
262.jpg,lv1
263.png,lv1
264.jpg,lv1
265.jpg,lv1
266.jpg,lv1
267.jpg,lv1
268.jpg,lv1
269.jpg,lv1
270.jpg,lv1
271.jpg,lv1
272.jpg,lv1
273.jpg,lv1
274.jpg,lv1
275.jpg,lv1
276.jpg,lv1
277.jpg,lv1
278.jpg,lv1
279.jpg,lv1
280.jpg,lv1
281.jpg,lv1
282.jpg,lv1
283.jpg,lv1
284.jpg,lv1
285.jpg,lv1
286.jpg,lv1
287.jpg,lv1
288.jpg,lv1
289.jpg,lv1
290.png,lv1
291.jpg,lv1
292.jpg,lv1
293.jpg,lv1
294.jpg,lv1
295.jpg,lv1
296.jpg,lv1
297.png,lv2
298.png,lv2
299.png,lv2
300.png,lv2
301.png,lv2
302.png,lv2
303.png,lv2
304.png,lv2
305.png,lv2
306.png,lv2
307.png,lv2
308.png,lv2
309.png,lv2
310.png,lv2
311.png,lv2
312.png,lv2
313.png,lv2
314.png,lv2
315.png,lv2
316.png,lv2
317.png,lv2
318.png,lv2
319.png,lv2
320.png,lv2
321.png,lv2
322.png,lv2
323.png,lv2
324.png,lv2
325.png,lv2
326.png,lv2
327.png,lv2
328.png,lv2
329.png,lv2
330.png,lv2
331.png,lv2
332.png,lv2
333.png,lv2
334.png,lv2
335.png,lv2
336.png,lv2
337.png,lv2
338.png,lv2
339.png,lv2
340.png,lv2
341.png,lv2
342.png,lv2
343.png,lv2
344.png,lv2
345.png,lv2
346.png,lv2
347.png,lv2
348.png,lv2
349.png,lv2
350.png,lv2
351.png,lv2
352.png,lv2
353.png,lv2
354.png,lv2
355.png,lv2
356.png,lv2
357.png,lv2
358.png,lv2
359.png,lv2
360.png,lv2
361.png,lv2
362.png,lv2
363.png,lv2
364.png,lv2
365.png,lv2
366.png,lv2
367.png,lv2
368.png,lv2
369.png,lv2
370.png,lv2
371.png,lv2
372.png,lv2
373.png,lv2
374.png,lv2
375.png,lv2
376.png,lv2
377.png,lv2
378.png,lv2
379.png,lv2
380.png,lv2
381.png,lv2
382.png,lv2
383.png,lv2
384.png,lv2
385.png,lv2
386.png,lv2
387.png,lv2
388.png,lv2
389.png,lv2
390.png,lv2
391.png,lv2
392.png,lv2
393.png,lv2
394.png,lv2
395.png,lv2
396.png,lv2
397.png,lv2
398.png,lv2
399.png,lv2
400.png,lv2
401.png,lv2
402.png,lv2
403.png,lv2
404.png,lv2
405.png,lv2
406.png,lv2
407.png,lv2
408.png,lv2
409.png,lv2
410.png,lv2
411.png,lv2
412.png,lv2
413.png,lv2
414.png,lv2
415.png,lv2
416.png,lv2
417.png,lv2
418.png,lv2
419.png,lv2
420.png,lv2
421.png,lv2
422.png,lv2
423.png,lv2
424.png,lv2
425.png,lv2
426.png,lv2
427.png,lv2
428.png,lv2
429.png,lv2
430.png,lv2
431.png,lv2
432.png,lv2
433.png,lv2
434.png,lv2
435.png,lv2
436.png,lv2
437.png,lv2
438.png,lv2
439.png,lv2
440.png,lv2
441.png,lv2
442.png,lv2
443.png,lv2
444.png,lv2
445.png,lv2
446.png,lv2
447.png,lv2
448.png,lv2
449.png,lv2
450.png,lv2
451.png,lv2
452.png,lv2
453.png,lv2
454.png,lv2
455.png,lv2
456.png,lv2
457.png,lv2
458.png,lv2
459.png,lv2
460.png,lv2
461.png,lv2
462.png,lv2
463.png,lv2
464.png,lv2
465.png,lv2
466.png,lv2
467.png,lv2
468.png,lv2
469.png,lv2
470.png,lv2
471.png,lv2
472.png,lv2
473.png,lv2
474.png,lv2
475.png,lv2
476.png,lv2
477.png,lv2
478.png,lv2
479.png,lv2
480.png,lv2
481.png,lv2
482.png,lv2
483.png,lv2
484.png,lv2
485.png,lv2
486.png,lv2
487.png,lv2
488.png,lv2
489.png,lv2
490.png,lv2
491.png,lv2
492.png,lv2
493.png,lv2
494.png,lv2
495.png,lv2
496.png,lv2
497.png,lv2
498.png,lv2
499.png,lv2
500.png,lv2
501.png,lv2
502.png,lv2
503.png,lv2
504.png,lv2
505.png,lv2
506.png,lv2
507.png,lv2
508.png,lv2
509.png,lv2
510.png,lv2
511.png,lv2
512.png,lv2
513.png,lv2
514.png,lv2
515.png,lv2
516.png,lv2
517.png,lv2
518.png,lv2
519.png,lv2
520.png,lv2
521.png,lv2
522.png,lv2
523.png,lv2
524.png,lv2
525.png,lv2
526.png,lv2
527.png,lv2
528.png,lv2
529.png,lv2
530.png,lv2
531.png,lv2
532.png,lv2
533.png,lv2
534.png,lv2
535.png,lv2
536.png,lv2
537.png,lv2
538.png,lv2
539.png,lv2
540.png,lv2
541.png,lv2
542.png,lv2
543.png,lv2
544.png,lv2
545.png,lv2
546.png,lv2
547.png,lv2
548.png,lv2
549.png,lv2
550.png,lv2
551.png,lv2
552.png,lv2
553.png,lv2
554.png,lv2
555.png,lv2
556.png,lv2
557.png,lv2
558.png,lv2
559.png,lv2
560.png,lv2
561.png,lv2
562.png,lv2
563.png,lv2
564.png,lv2
565.png,lv2
566.png,lv2
567.png,lv2
568.png,lv2
569.png,lv2
570.png,lv2
571.png,lv2
572.png,lv2
573.png,lv2
574.png,lv2
575.png,lv2
576.png,lv2
577.png,lv2
578.png,lv2
579.png,lv2
580.png,lv2
581.png,lv2
582.png,lv2
583.png,lv2
584.png,lv2
585.png,lv2
586.png,lv2
587.png,lv2
588.png,lv2
589.png,lv2
590.png,lv2
591.png,lv2
592.png,lv2
593.jpg,lv3
594.jpg,lv3
595.jpg,lv3
596.jpg,lv3
597.jpg,lv3
598.jpg,lv3
599.jpg,lv3
600.jpg,lv3
601.jpg,lv3
602.jpg,lv3
603.jpg,lv3
604.jpg,lv3
605.jpg,lv3
606.jpg,lv3
607.jpg,lv3
608.jpg,lv3
609.jpg,lv3
610.jpg,lv3
611.jpg,lv3
612.jpg,lv3
613.jpg,lv3
614.jpg,lv3
615.jpg,lv3
616.jpg,lv3
617.jpg,lv3
618.png,lv3
619.jpg,lv3
620.jpg,lv3
621.jpg,lv3
622.jpg,lv3
623.jpg,lv3
624.jpg,lv3
625.jpg,lv3
626.jpg,lv3
627.jpg,lv3
628.jpg,lv3
629.jpg,lv3
630.jpg,lv3
631.jpg,lv3
632.jpg,lv3
633.jpg,lv3
634.jpg,lv3
635.jpg,lv3
636.jpg,lv3
637.jpg,lv3
638.jpg,lv3
639.jpg,lv3
640.jpg,lv3
641.png,lv3
642.jpg,lv3
643.jpg,lv3
644.jpg,lv3
645.jpg,lv3
646.jpg,lv3
647.jpg,lv3
648.jpg,lv3
649.jpg,lv3
650.jpg,lv3
651.jpg,lv3
652.jpg,lv3
653.jpg,lv3
654.jpg,lv3
655.jpg,lv3
656.jpg,lv3
657.jpg,lv3
658.jpg,lv3
659.jpg,lv3
660.jpg,lv3
661.jpg,lv3
662.jpg,lv3
663.jpg,lv3
664.jpg,lv3
665.jpg,lv3
666.jpg,lv3
667.jpg,lv3
668.jpg,lv3
669.jpg,lv3
670.jpg,lv3
671.jpg,lv3
672.jpg,lv3
673.jpg,lv3
674.jpg,lv3
675.jpg,lv3
676.jpg,lv3
677.jpg,lv3
678.jpg,lv3
679.jpg,lv3
680.png,lv3
681.jpg,lv3
682.jpg,lv3
683.jpg,lv3
684.jpg,lv3
685.jpg,lv3
686.jpg,lv3
687.jpg,lv3
688.jpg,lv3
689.jpg,lv3
690.jpg,lv3
691.jpg,lv3
692.jpg,lv3
693.jpg,lv3
694.jpg,lv3
695.jpg,lv3
696.jpg,lv3
697.jpg,lv3
698.jpg,lv3
699.jpg,lv3
700.png,lv3
701.jpg,lv3
702.jpg,lv3
703.jpg,lv3
704.png,lv3
705.jpg,lv3
706.jpg,lv3
707.jpg,lv3
708.jpg,lv3
709.jpg,lv3
710.jpg,lv3
711.jpg,lv3
712.jpg,lv3
713.jpg,lv3
714.jpg,lv3
715.jpg,lv3
716.jpg,lv3
717.jpg,lv3
718.jpg,lv3
719.jpg,lv3
720.jpg,lv3
721.jpg,lv3
722.jpg,lv3
723.jpg,lv3
724.jpg,lv3
725.jpg,lv3
726.jpg,lv3
727.png,lv3
728.jpg,lv3
729.png,lv3
730.jpg,lv3
731.jpg,lv3
732.jpg,lv3
733.jpg,lv3
734.jpg,lv3
735.jpg,lv3
736.jpg,lv3
737.jpg,lv3
738.jpg,lv3
739.jpg,lv3
740.jpg,lv3
741.jpg,lv3
742.jpg,lv3
743.jpg,lv3
744.jpg,lv3
745.jpg,lv3
746.jpg,lv3
747.jpg,lv3
748.jpg,lv3
749.png,lv3
750.jpg,lv3
751.jpg,lv3
752.jpg,lv3
753.jpg,lv3
754.jpg,lv3
755.jpg,lv3
756.jpg,lv3
757.jpg,lv3
758.jpg,lv3
759.jpg,lv3
760.jpg,lv3
761.jpg,lv3
762.jpg,lv3
763.jpg,lv3
764.jpg,lv3
765.jpg,lv3
766.png,lv3
767.jpg,lv3
768.jpg,lv3
769.jpg,lv3
770.jpg,lv3
771.jpg,lv3
772.jpg,lv3
773.jpg,lv3
774.jpg,lv3
775.jpg,lv3
776.jpg,lv3
777.jpg,lv3
778.jpg,lv3
779.jpg,lv3
780.jpg,lv3
781.jpg,lv3
782.jpg,lv3
783.jpg,lv3
784.jpg,lv3
785.jpg,lv3
786.jpg,lv3
787.jpg,lv3
788.jpg,lv3
789.jpg,lv3
790.jpg,lv3
791.jpg,lv3
792.jpg,lv3
793.jpg,lv3
794.jpg,lv3
795.jpg,lv3
796.jpg,lv3
797.jpg,lv3
798.jpg,lv3
799.jpg,lv3
800.jpg,lv3
801.jpg,lv3
802.jpg,lv3
803.jpg,lv3
804.jpg,lv3
805.jpg,lv3
806.jpg,lv3
807.jpg,lv3
808.jpg,lv3
809.jpg,lv3
810.jpg,lv3
811.jpg,lv3
812.png,lv3
813.jpg,lv3
814.jpg,lv3
815.jpg,lv3
816.jpg,lv3
817.jpg,lv3
818.jpg,lv3
819.jpg,lv3
820.jpg,lv3
821.jpg,lv3
822.jpg,lv3
823.jpg,lv3
824.jpg,lv3
825.jpg,lv3
826.jpg,lv3
827.jpg,lv3
828.jpg,lv3
829.jpg,lv3
830.jpg,lv3
831.jpg,lv3
832.jpg,lv3
833.jpg,lv3
834.jpg,lv3
835.jpg,lv3
836.jpg,lv3
837.jpg,lv3
838.jpg,lv3
839.jpg,lv3
840.jpg,lv3
841.jpg,lv3
842.jpg,lv3
843.jpg,lv3
844.jpg,lv3
845.jpg,lv3
846.jpg,lv3
847.jpg,lv3
848.jpg,lv3
849.jpg,lv3
850.jpg,lv3
851.jpg,lv3
852.jpg,lv3
853.jpg,lv3
854.jpg,lv3
855.jpg,lv3
856.jpg,lv3
857.jpg,lv3
858.jpg,lv3
859.jpg,lv3
860.jpg,lv3
861.jpg,lv3
862.jpg,lv3
863.jpg,lv3
864.jpg,lv3
865.jpg,lv3
866.jpg,lv3
867.jpg,lv3
868.jpg,lv3
869.jpg,lv3
870.jpg,lv3
871.png,lv3
872.jpg,lv3
873.jpg,lv3
874.jpg,lv3
875.jpg,lv3
876.jpg,lv3
877.jpg,lv3
878.jpg,lv3
879.jpg,lv3
880.jpg,lv3
881.jpg,lv3
882.jpg,lv3
883.jpg,lv3
884.jpg,lv3
885.jpg,lv3
886.jpg,lv3
887.jpg,lv3
888.jpg,lv3
889.png,lv4
890.png,lv4
891.png,lv4
892.png,lv4
893.png,lv4
894.png,lv4
895.png,lv4
896.png,lv4
897.png,lv4
898.png,lv4
899.png,lv4
900.png,lv4
901.png,lv4
902.png,lv4
903.png,lv4
904.png,lv4
905.png,lv4
906.png,lv4
907.png,lv4
908.png,lv4
909.png,lv4
910.png,lv4
911.png,lv4
912.png,lv4
913.png,lv4
914.png,lv4
915.png,lv4
916.png,lv4
917.png,lv4
918.png,lv4
919.png,lv4
920.png,lv4
921.png,lv4
922.png,lv4
923.png,lv4
924.png,lv4
925.png,lv4
926.png,lv4
927.png,lv4
928.png,lv4
929.png,lv4
930.png,lv4
931.png,lv4
932.png,lv4
933.png,lv4
934.png,lv4
935.png,lv4
936.png,lv4
937.png,lv4
938.png,lv4
939.png,lv4
940.png,lv4
941.png,lv4
942.png,lv4
943.png,lv4
944.png,lv4
945.png,lv4
946.png,lv4
947.png,lv4
948.png,lv4
949.png,lv4
950.png,lv4
951.png,lv4
952.png,lv4
953.png,lv4
954.png,lv4
955.png,lv4
956.png,lv4
957.png,lv4
958.png,lv4
959.png,lv4
960.png,lv4
961.png,lv4
962.png,lv4
963.png,lv4
964.png,lv4
965.png,lv4
966.png,lv4
967.png,lv4
968.png,lv4
969.png,lv4
970.png,lv4
971.png,lv4
972.png,lv4
973.png,lv4
974.png,lv4
975.png,lv4
976.png,lv4
977.png,lv4
978.png,lv4
979.png,lv4
980.png,lv4
981.png,lv4
982.png,lv4
983.png,lv4
984.png,lv4
985.png,lv4
986.png,lv4
987.png,lv4
988.png,lv4
989.png,lv4
990.png,lv4
991.png,lv4
992.png,lv4
993.png,lv4
994.png,lv4
995.png,lv4
996.png,lv4
997.png,lv4
998.png,lv4
999.png,lv4
1000.png,lv4
1001.png,lv4
1002.png,lv4
1003.png,lv4
1004.png,lv4
1005.png,lv4
1006.png,lv4
1007.png,lv4
1008.png,lv4
1009.png,lv4
1010.png,lv4
1011.png,lv4
1012.png,lv4
1013.png,lv4
1014.png,lv4
1015.png,lv4
1016.png,lv4
1017.png,lv4
1018.png,lv4
1019.png,lv4
1020.png,lv4
1021.png,lv4
1022.png,lv4
1023.png,lv4
1024.png,lv4
1025.png,lv4
1026.png,lv4
1027.png,lv4
1028.png,lv4
1029.png,lv4
1030.png,lv4
1031.png,lv4
1032.png,lv4
1033.png,lv4
1034.png,lv4
1035.png,lv4
1036.png,lv4
1037.png,lv4
1038.png,lv4
1039.png,lv4
1040.png,lv4
1041.png,lv4
1042.png,lv4
1043.png,lv4
1044.png,lv4
1045.png,lv4
1046.png,lv4
1047.png,lv4
1048.png,lv4
1049.png,lv4
1050.png,lv4
1051.png,lv4
1052.png,lv4
1053.png,lv4
1054.png,lv4
1055.png,lv4
1056.png,lv4
1057.png,lv4
1058.png,lv4
1059.png,lv4
1060.png,lv4
1061.png,lv4
1062.png,lv4
1063.png,lv4
1064.png,lv4
1065.png,lv4
1066.png,lv4
1067.png,lv4
1068.png,lv4
1069.png,lv4
1070.png,lv4
1071.png,lv4
1072.png,lv4
1073.png,lv4
1074.png,lv4
1075.png,lv4
1076.png,lv4
1077.png,lv4
1078.png,lv4
1079.png,lv4
1080.png,lv4
1081.png,lv4
1082.png,lv4
1083.png,lv4
1084.png,lv4
1085.png,lv4
1086.png,lv4
1087.png,lv4
1088.png,lv4
1089.png,lv4
1090.png,lv4
1091.png,lv4
1092.png,lv4
1093.png,lv4
1094.png,lv4
1095.png,lv4
1096.png,lv4
1097.png,lv4
1098.png,lv4
1099.png,lv4
1100.png,lv4
1101.png,lv4
1102.png,lv4
1103.png,lv4
1104.png,lv4
1105.png,lv4
1106.png,lv4
1107.png,lv4
1108.png,lv4
1109.png,lv4
1110.png,lv4
1111.png,lv4
1112.png,lv4
1113.png,lv4
1114.png,lv4
1115.png,lv4
1116.png,lv4
1117.png,lv4
1118.png,lv4
1119.png,lv4
1120.png,lv4
1121.png,lv4
1122.png,lv4
1123.png,lv4
1124.png,lv4
1125.png,lv4
1126.png,lv4
1127.png,lv4
1128.png,lv4
1129.png,lv4
1130.png,lv4
1131.png,lv4
1132.png,lv4
1133.png,lv4
1134.png,lv4
1135.png,lv4
1136.png,lv4
1137.png,lv4
1138.png,lv4
1139.png,lv4
1140.png,lv4
1141.png,lv4
1142.png,lv4
1143.png,lv4
1144.png,lv4
1145.png,lv4
1146.png,lv4
1147.png,lv4
1148.png,lv4
1149.png,lv4
1150.png,lv4
1151.png,lv4
1152.png,lv4
1153.png,lv4
1154.png,lv4
1155.png,lv4
1156.png,lv4
1157.png,lv4
1158.png,lv4
1159.png,lv4
1160.png,lv4
1161.png,lv4
1162.png,lv4
1163.png,lv4
1164.png,lv4
1165.png,lv4
1166.png,lv4
1167.png,lv4
1168.png,lv4
1169.png,lv4
1170.png,lv4
1171.png,lv4
1172.png,lv4
1173.png,lv4
1174.png,lv4
1175.png,lv4
1176.png,lv4
1177.png,lv4
1178.png,lv4
1179.png,lv4
1180.png,lv4
1181.png,lv4
1182.png,lv4
1183.png,lv4
1184.png,lv4
1185.png,lv5
1186.png,lv5
1187.png,lv5
1188.png,lv5
1189.png,lv5
1190.png,lv5
1191.png,lv5
1192.png,lv5
1193.png,lv5
1194.png,lv5
1195.png,lv5
1196.png,lv5
1197.png,lv5
1198.png,lv5
1199.png,lv5
1200.png,lv5
1201.png,lv5
1202.png,lv5
1203.png,lv5
1204.png,lv5
1205.png,lv5
1206.png,lv5
1207.png,lv5
1208.png,lv5
1209.png,lv5
1210.png,lv5
1211.png,lv5
1212.png,lv5
1213.png,lv5
1214.png,lv5
1215.png,lv5
1216.png,lv5
1217.png,lv5
1218.png,lv5
1219.png,lv5
1220.png,lv5
1221.png,lv5
1222.png,lv5
1223.png,lv5
1224.png,lv5
1225.png,lv5
1226.png,lv5
1227.png,lv5
1228.png,lv5
1229.png,lv5
1230.png,lv5
1231.png,lv5
1232.png,lv5
1233.png,lv5
1234.png,lv5
1235.png,lv5
1236.png,lv5
1237.png,lv5
1238.png,lv5
1239.png,lv5
1240.png,lv5
1241.png,lv5
1242.png,lv5
1243.png,lv5
1244.png,lv5
1245.png,lv5
1246.png,lv5
1247.png,lv5
1248.png,lv5
1249.png,lv5
1250.png,lv5
1251.png,lv5
1252.png,lv5
1253.png,lv5
1254.png,lv5
1255.png,lv5
1256.png,lv5
1257.png,lv5
1258.png,lv5
1259.png,lv5
1260.png,lv5
1261.png,lv5
1262.png,lv5
1263.png,lv5
1264.png,lv5
1265.png,lv5
1266.png,lv5
1267.png,lv5
1268.png,lv5
1269.png,lv5
1270.png,lv5
1271.png,lv5
1272.png,lv5
1273.png,lv5
1274.png,lv5
1275.png,lv5
1276.png,lv5
1277.png,lv5
1278.png,lv5
1279.png,lv5
1280.png,lv5
1281.png,lv5
1282.png,lv5
1283.png,lv5
1284.png,lv5
1285.png,lv5
1286.png,lv5
1287.png,lv5
1288.png,lv5
1289.png,lv5
1290.png,lv5
1291.png,lv5
1292.png,lv5
1293.png,lv5
1294.png,lv5
1295.png,lv5
1296.png,lv5
1297.png,lv5
1298.png,lv5
1299.png,lv5
1300.png,lv5
1301.png,lv5
1302.png,lv5
1303.png,lv5
1304.png,lv5
1305.png,lv5
1306.png,lv5
1307.png,lv5
1308.png,lv5
1309.png,lv5
1310.png,lv5
1311.png,lv5
1312.png,lv5
1313.png,lv5
1314.png,lv5
1315.png,lv5
1316.png,lv5
1317.png,lv5
1318.png,lv5
1319.png,lv5
1320.png,lv5
1321.png,lv5
1322.png,lv5
1323.png,lv5
1324.png,lv5
1325.png,lv5
1326.png,lv5
1327.png,lv5
1328.png,lv5
1329.png,lv5
1330.png,lv5
1331.png,lv5
1332.png,lv5
1333.png,lv5
1334.png,lv5
1335.png,lv5
1336.png,lv5
1337.png,lv5
1338.png,lv5
1339.png,lv5
1340.png,lv5
1341.png,lv5
1342.png,lv5
1343.png,lv5
1344.png,lv5
1345.png,lv5
1346.png,lv5
1347.png,lv5
1348.png,lv5
1349.png,lv5
1350.png,lv5
1351.png,lv5
1352.png,lv5
1353.png,lv5
1354.png,lv5
1355.png,lv5
1356.png,lv5
1357.png,lv5
1358.png,lv5
1359.png,lv5
1360.png,lv5
1361.png,lv5
1362.png,lv5
1363.png,lv5
1364.png,lv5
1365.png,lv5
1366.png,lv5
1367.png,lv5
1368.png,lv5
1369.png,lv5
1370.png,lv5
1371.png,lv5
1372.png,lv5
1373.png,lv5
1374.png,lv5
1375.png,lv5
1376.png,lv5
1377.png,lv5
1378.png,lv5
1379.png,lv5
1380.png,lv5
1381.png,lv5
1382.png,lv5
1383.png,lv5
1384.png,lv5
1385.png,lv5
1386.png,lv5
1387.png,lv5
1388.png,lv5
1389.png,lv5
1390.png,lv5
1391.png,lv5
1392.png,lv5
1393.png,lv5
1394.png,lv5
1395.png,lv5
1396.png,lv5
1397.png,lv5
1398.png,lv5
1399.png,lv5
1400.png,lv5
1401.png,lv5
1402.png,lv5
1403.png,lv5
1404.png,lv5
1405.png,lv5
1406.png,lv5
1407.png,lv5
1408.png,lv5
1409.png,lv5
1410.png,lv5
1411.png,lv5
1412.png,lv5
1413.png,lv5
1414.png,lv5
1415.png,lv5
1416.png,lv5
1417.png,lv5
1418.png,lv5
1419.png,lv5
1420.png,lv5
1421.png,lv5
1422.png,lv5
1423.png,lv5
1424.png,lv5
1425.png,lv5
1426.png,lv5
1427.png,lv5
1428.png,lv5
1429.png,lv5
1430.png,lv5
1431.png,lv5
1432.png,lv5
1433.png,lv5
1434.png,lv5
1435.png,lv5
1436.png,lv5
1437.png,lv5
1438.png,lv5
1439.png,lv5
1440.png,lv5
1441.png,lv5
1442.png,lv5
1443.png,lv5
1444.png,lv5
1445.png,lv5
1446.png,lv5
1447.png,lv5
1448.png,lv5
1449.png,lv5
1450.png,lv5
1451.png,lv5
1452.png,lv5
1453.png,lv5
1454.png,lv5
1455.png,lv5
1456.png,lv5
1457.png,lv5
1458.png,lv5
1459.png,lv5
1460.png,lv5
1461.png,lv5
1462.png,lv5
1463.png,lv5
1464.png,lv5
1465.png,lv5
1466.png,lv5
1467.png,lv5
1468.png,lv5
1469.png,lv5
1470.png,lv5
1471.png,lv5
1472.png,lv5
1473.png,lv5
1474.png,lv5
1475.png,lv5
1476.png,lv5
1477.png,lv5
1478.png,lv5
1479.png,lv5
1480.png,lv5
1481.png,lv5
1482.png,lv5
1483.png,lv5
1484.png,lv5
1485.png,lv5
1486.png,lv5
1487.png,lv5
1488.png,lv5
1489.png,lv5
1490.png,lv5
1491.png,lv5
1492.png,lv5
1493.png,lv5
1494.png,lv5
1495.png,lv5
1496.png,lv5
1497.png,lv5
1498.png,lv5
1499.png,lv5
1500.png,lv5
1501.png,lv5
1502.png,lv5
1503.png,lv5
1504.png,lv5
1505.png,lv5
1506.png,lv5
1507.png,lv5
1508.png,lv5
1509.png,lv5
1510.png,lv5
1511.png,lv5
1512.png,lv5
1513.png,lv5
1514.png,lv5
1515.png,lv5
1516.png,lv5
1517.png,lv5
1518.png,lv5
1519.png,lv5
1520.png,lv5
1521.png,lv5
1522.png,lv5
1523.png,lv5
1524.png,lv5
1525.png,lv5
1526.png,lv5
1527.png,lv5
1528.png,lv5
1529.png,lv5
1530.png,lv5
1531.png,lv5
1532.png,lv5
1533.png,lv5
1534.png,lv5
1535.png,lv5
1536.png,lv5
1537.png,lv5
1538.png,lv5
1539.png,lv5
1540.png,lv5
1541.png,lv5
1542.png,lv5
1543.png,lv5
1544.png,lv5
1545.png,lv5
1546.png,lv5
1547.png,lv5
1548.png,lv5
1549.png,lv5
1550.png,lv5
1551.png,lv5
1552.png,lv5
1553.png,lv5
1554.png,lv5
1555.png,lv5
1556.png,lv5
1557.png,lv5
1558.png,lv5
1559.png,lv5
1560.png,lv5
1561.png,lv5
1562.png,lv5
1563.png,lv5
1564.png,lv5
1565.png,lv5
1566.png,lv5
1567.png,lv5
1568.png,lv5
1569.png,lv5
1570.png,lv5
1571.png,lv5
1572.png,lv5
1573.png,lv5
1574.png,lv5
1575.png,lv5
1576.png,lv5
1577.png,lv5
1578.png,lv5
1579.png,lv5
1580.png,lv5
1581.png,lv5
1582.png,lv5
1583.png,lv5
1584.png,lv5
1585.png,lv5
1586.png,lv5
1587.png,lv5
1588.png,lv5
1589.png,lv5
1590.png,lv5
1591.png,lv5
1592.png,lv5
1593.png,lv5
1594.png,lv5
1595.png,lv5
1596.png,lv5
1597.png,lv5
1598.png,lv5
1599.png,lv5
1600.png,lv5
1601.png,lv5
1602.png,lv5
1603.png,lv5
1604.png,lv5
1605.png,lv5
1606.png,lv5
1607.png,lv5
1608.png,lv5
1609.png,lv5
1610.png,lv5
1611.png,lv5
1612.png,lv5
1613.png,lv5
1614.png,lv5
1615.png,lv5
1616.png,lv5
1617.png,lv5
1618.png,lv5
1619.png,lv5
1620.png,lv5
1621.png,lv5
1622.png,lv5
1623.png,lv5
1624.png,lv5
1625.png,lv5
1626.png,lv5
1627.png,lv5
1628.png,lv5
1629.png,lv5
1630.png,lv5
1631.png,lv5
1632.png,lv5
1633.png,lv5
1634.png,lv5
1635.png,lv5
1636.png,lv5
1637.png,lv5
1638.png,lv5
1639.png,lv5
1640.png,lv5
1641.png,lv5
1642.png,lv5
1643.png,lv5
1644.png,lv5
1645.png,lv5
1646.png,lv5
1647.png,lv5
1648.png,lv5
1649.png,lv5
1650.png,lv5
1651.png,lv5
1652.png,lv5
1653.png,lv5
1654.png,lv5
1655.png,lv5
1656.png,lv5
1657.png,lv5
1658.png,lv5
1659.png,lv5
1660.png,lv5
1661.png,lv5
1662.png,lv5
1663.png,lv5
1664.png,lv5
1665.png,lv5
1666.png,lv5
1667.png,lv5
1668.png,lv5
1669.png,lv5
1670.png,lv5
1671.png,lv5
1672.png,lv5
1673.png,lv5
1674.png,lv5
1675.png,lv5
1676.png,lv5
1677.png,lv5
1678.png,lv5
1679.png,lv5
1680.png,lv5
1681.png,lv5
1682.png,lv5
1683.png,lv5
1684.png,lv5
1685.png,lv5
1686.png,lv5
1687.png,lv5
1688.png,lv5
1689.png,lv5
1690.png,lv5
1691.png,lv5
1692.png,lv5
1693.png,lv5
1694.png,lv5
1695.png,lv5
1696.png,lv5
1697.png,lv5
1698.png,lv5
1699.png,lv5
1700.png,lv5
1701.png,lv5
1702.png,lv5
1703.png,lv5
1704.png,lv5
1705.png,lv5
1706.png,lv5
1707.png,lv5
1708.png,lv5
1709.png,lv5
1710.png,lv5
1711.png,lv5
1712.png,lv5
1713.png,lv5
1714.png,lv5
1715.png,lv5
1716.png,lv5
1717.png,lv5
1718.png,lv5
1719.png,lv5
1720.png,lv5
1721.png,lv5
1722.png,lv5
1723.png,lv5
1724.png,lv5
1725.png,lv5
1726.png,lv5
1727.png,lv5
1728.png,lv5
1729.png,lv5
1730.png,lv5
1731.png,lv5
1732.png,lv5
1733.png,lv5
1734.png,lv5
1735.png,lv5
1736.png,lv5
1737.png,lv5
1738.png,lv5
1739.png,lv5
1740.png,lv5
1741.png,lv5
1742.png,lv5
1743.png,lv5
1744.png,lv5
1745.png,lv5
1746.png,lv5
1747.png,lv5
1748.png,lv5
1749.png,lv5
1750.png,lv5
1751.png,lv5
1752.png,lv5
1753.png,lv5
1754.png,lv5
1755.png,lv5
1756.png,lv5
1757.png,lv5
1758.png,lv5
1759.png,lv5
1760.png,lv5
1761.png,lv5
1762.png,lv5
1763.png,lv5
1764.png,lv5
1765.png,lv5
1766.png,lv5
1767.png,lv5
1768.png,lv5
1769.png,lv5
1770.png,lv5
1771.png,lv5
1772.png,lv5
1773.png,lv5
1774.png,lv5
1775.png,lv5
1776.png,lv5
1777.png,lv5
1778.png,lv5
1779.png,lv5
1780.png,lv5
1781.png,lv5
1782.png,lv5
1783.png,lv5
1784.png,lv5
1785.png,lv5
1786.png,lv5
1787.png,lv5
1788.png,lv5
1789.png,lv5
1790.png,lv5
1791.png,lv5
1792.png,lv5
1793.png,lv5
1794.png,lv5
1795.png,lv5
1796.png,lv5
1797.png,lv5
1798.png,lv5
1799.png,lv5
1800.png,lv5
1801.png,lv5
1802.png,lv5
1803.png,lv5
1804.png,lv5
1805.png,lv5
1806.png,lv5
1807.png,lv5
1808.png,lv5
1809.png,lv5
1810.png,lv5
1811.png,lv5
1812.png,lv5
1813.png,lv5
1814.png,lv5
1815.png,lv5
1816.png,lv5
1817.png,lv5
1818.png,lv5
1819.png,lv5
1820.png,lv5
1821.png,lv5
1822.png,lv5
1823.png,lv5
1824.png,lv5
1825.png,lv5
1826.png,lv5
1827.png,lv5
1828.png,lv5
1829.png,lv5
1830.png,lv5
1831.png,lv5
1832.png,lv5
1833.png,lv5
1834.png,lv5
1835.png,lv5
1836.png,lv5
1837.png,lv5
1838.png,lv5
1839.png,lv5
1840.png,lv5
1841.png,lv5
1842.png,lv5
1843.png,lv5
1844.png,lv5
1845.png,lv5
1846.png,lv5
1847.png,lv5
1848.png,lv5
1849.png,lv5
1850.png,lv5
1851.png,lv5
1852.png,lv5
1853.png,lv5
1854.png,lv5
1855.png,lv5
1856.png,lv5
1857.png,lv5
1858.png,lv5
1859.png,lv5
1860.png,lv5
1861.png,lv5
1862.png,lv5
1863.png,lv5
1864.png,lv5
1865.png,lv5
1866.png,lv5
1867.png,lv5
1868.png,lv5
1869.png,lv5
1870.png,lv5
1871.png,lv5
1872.png,lv5
1873.png,lv5
1874.png,lv5
1875.png,lv5
1876.png,lv5
1877.png,lv5
1878.png,lv5
1879.png,lv5
1880.png,lv5
1881.png,lv5
1882.png,lv5
1883.png,lv5
1884.png,lv5
1885.png,lv5
1886.png,lv5
1887.png,lv5
1888.png,lv5
1889.png,lv5
1890.png,lv5
1891.png,lv5
1892.png,lv5
1893.png,lv5
1894.png,lv5
1895.png,lv5
1896.png,lv5
1897.png,lv5
1898.png,lv5
1899.png,lv5
1900.png,lv5
1901.png,lv5
1902.png,lv5
1903.png,lv5
1904.png,lv5
1905.png,lv5
1906.png,lv5
1907.png,lv5
1908.png,lv5
1909.png,lv5
1910.png,lv5
1911.png,lv5
1912.png,lv5
1913.png,lv5
1914.png,lv5
1915.png,lv5
1916.png,lv5
1917.png,lv5
1918.png,lv5
1919.png,lv5
1920.png,lv5
1921.png,lv5
1922.png,lv5
1923.png,lv5
1924.png,lv5
1925.png,lv5
1926.png,lv5
1927.png,lv5
1928.png,lv5
1929.png,lv5
1930.png,lv5
1931.png,lv5
1932.png,lv5
1933.png,lv5
1934.png,lv5
1935.png,lv5
1936.png,lv5
1937.png,lv5
1938.png,lv5
1939.png,lv5
1940.png,lv5
1941.png,lv5
1942.png,lv5
1943.png,lv5
1944.png,lv5
1945.png,lv5
1946.png,lv5
1947.png,lv5
1948.png,lv5
1949.png,lv5
1950.png,lv5
1951.png,lv5
1952.png,lv5
1953.png,lv5
1954.png,lv5
1955.png,lv5
1956.png,lv5
1957.png,lv5
1958.png,lv5
1959.png,lv5
1960.png,lv5
1961.png,lv5
1962.png,lv5
1963.png,lv5
1964.png,lv5
1965.png,lv5
1966.png,lv5
1967.png,lv5
1968.png,lv5
1969.png,lv5
1970.png,lv5
1971.png,lv5
1972.png,lv5
1973.png,lv5
1974.png,lv5
1975.png,lv5
1976.png,lv5
1977.png,lv5
1978.png,lv5
1979.png,lv5
1980.png,lv5
1981.png,lv5
1982.png,lv5
1983.png,lv5
1984.png,lv5
1985.png,lv5
1986.png,lv5
1987.png,lv5
1988.png,lv5
1989.png,lv5
1990.png,lv5
1991.png,lv5
1992.png,lv5
1993.png,lv5
1994.png,lv5
1995.png,lv5
1996.png,lv5
1997.png,lv5
1998.png,lv5
1999.png,lv5
2000.png,lv5
2001.png,lv5
2002.png,lv5
2003.png,lv5
2004.png,lv5
2005.png,lv5
2006.png,lv5
2007.png,lv5
2008.png,lv5
2009.png,lv5
2010.png,lv5
2011.png,lv5
2012.png,lv5
2013.png,lv5
2014.png,lv5
2015.png,lv5
2016.png,lv5
2017.png,lv5
2018.png,lv5
2019.png,lv5
2020.png,lv5
2021.png,lv5
2022.png,lv5
2023.png,lv5
2024.png,lv5
2025.png,lv5
2026.png,lv5
2027.png,lv5
2028.png,lv5
2029.png,lv5
2030.png,lv5
2031.png,lv5
2032.png,lv5
2033.png,lv5
2034.png,lv5
2035.png,lv5
2036.png,lv5
2037.png,lv5
2038.png,lv5
2039.png,lv5
2040.png,lv5
2041.png,lv5
2042.png,lv5
2043.png,lv5
2044.png,lv5
2045.png,lv5
2046.png,lv5
2047.png,lv5
2048.png,lv5
2049.png,lv5
2050.png,lv5
2051.png,lv5
2052.png,lv5
2053.png,lv5
2054.png,lv5
2055.png,lv5
2056.png,lv5
2057.png,lv5
2058.png,lv5
2059.png,lv5
2060.png,lv5
2061.png,lv5
2062.png,lv5
2063.png,lv5
2064.png,lv5
2065.png,lv5
2066.png,lv5
2067.png,lv5
2068.png,lv5
2069.png,lv5
2070.png,lv5
2071.png,lv5
2072.png,lv5
